Company Symbol,Security,GICS Sector,GICS Sub-Industry,Shares,1/1/2020,1/2/2020,1/3/2020,1/4/2020,1/5/2020,1/6/2020,1/7/2020,1/8/2020,1/9/2020,1/10/2020,1/11/2020,1/12/2020
MMM,3M Company,Industrials,Industrial Conglomerates,576822000,180,156.59,153.02,133.14,148.6,155.58,155.43,150.41,164.8,158.79,162.94,170.52
ABT,Abbott Laboratories,Health Care,Health Care Equipment,1772362000,86.95,87.06,81.61,76.57,89.85,93.01,91.64,100.68,106.55,108.64,107.48,108.49
ABBV,AbbVie Inc.,Health Care,Pharmaceuticals,1765474000,89.55,82.3,88.69,73.42,82.84,90.7,99.14,95.94,92.24,87.14,88.25,104.04
ABMD,ABIOMED Inc,Health Care,Health Care Equipment,45190000,168.81,185.95,155.1,144.48,183.49,226.14,255.22,308.35,307.33,260.45,254.85,268.21
ACN,Accenture plc,Information Technology,IT Consulting & Other Services,661135000,210.15,207.8,189.55,154.68,180.09,203.38,214.59,227.18,240.02,225.18,220.19,252.27
ATVI,Activision Blizzard,Communication Services,Interactive Home Entertainment,772857000,58.65,58.21,60.59,57.5,64.72,72.99,78.03,84.79,83.33,82.68,76.4,79.93
ADBE,Adobe Inc.,Information Technology,Application Software,479719000,334.43,358,360.28,301.21,343.84,389.68,439.81,447.97,527.95,499.51,444.94,479.15
AMD,Advanced Micro Devices Inc,Information Technology,Semiconductors,1202712000,49.1,48.02,47.46,43.66,49.88,53.63,52.58,77.67,92.18,84.86,74.7,92.63
AAP,Advance Auto Parts,Consumer Discretionary,Automotive Retail,67855000,159.41,132.65,132.99,89.17,116.59,139.79,141.95,152.55,156.39,154.85,151.38,152.61
AES,AES Corp,Utilities,Independent Power Producers & Energy Traders,665131000,20.03,20.31,18.22,12.8,12.94,12.55,14.41,15.12,17.91,17.92,20,20.6
AFL,AFLAC Inc,Financials,Life & Health Insurance,702445000,53.35,52.01,45.29,31.9,36.62,36.97,35.39,35.36,36.7,36.39,35.52,44.7
A,Agilent Technologies Inc,Health Care,Health Care Equipment,306850000,85.95,82.15,81.97,68.92,74.21,89.91,88.11,99.09,101.12,101.22,105.24,115.36
APD,Air Products & Chemicals Inc,Materials,Industrial Gases,221049000,231.14,243.01,230.65,189.28,222.25,242.6,243.75,278.41,302.73,294.67,286.69,283.18
AKAM,Akamai Technologies Inc,Information Technology,Internet Services & Infrastructure,162794000,87.64,93.68,90.91,91.6,95.86,105.71,106.33,112.98,119.03,109.93,95.81,104.21
ALK,Alaska Air Group Inc,Industrials,Airlines,123664000,68.17,64.65,50.03,26.35,30.11,36.11,35.7,34,39.15,36.91,38.27,50.94
ALB,Albemarle Corp,Materials,Specialty Chemicals,106457000,72.61,80.79,84.3,54.84,57.44,77.42,76.06,83.33,97.39,86.73,96.84,135.88
ARE,Alexandria Real Estate Equities,Real Estate,Office REITs,138516000,159.73,164.81,155.58,131.24,150.99,154.1,165.41,176.33,166.54,163.19,154.92,168.11
ALXN,Alexion Pharmaceuticals,Health Care,Biotechnology,218721000,107.84,100.85,96.16,89.93,103.91,118.92,112.39,104.85,112.68,115.63,114.83,122.15
ALGN,Align Technology,Health Care,Health Care Supplies,78850000,283.68,253.02,230.22,157.2,203.26,250.55,273.84,287.36,305.43,317.61,458.44,500.1
ALLE,Allegion,Industrials,Building Products,92039000,125.39,132.18,120.86,84.59,97.48,100.65,101.89,100.45,102.1,98.5,101.51,115
LNT,Alliant Energy Corp,Utilities,Electric Utilities,249761000,53.63,59.52,55.36,44.97,47.25,49.46,48.76,53.51,53.48,52.33,56.69,53.37
ALL,Allstate Corp,Financials,Property & Casualty Insurance,304068000,112.82,119.05,112.67,86.4,99.74,99.07,95.53,96.19,92.96,92.26,90.9,104.29
GOOGL,Alphabet Inc. (Class A),Communication Services,Interactive Media & Services,300644000,1368.68,1482.6,1386.32,1102.1,1317.32,1434.87,1442,1482.76,1655.08,1487.9,1624.32,1795.36
GOOG,Alphabet Inc. (Class C),Communication Services,Interactive Media & Services,329867000,1367.37,1485.94,1389.11,1105.62,1320.61,1431.82,1438.04,1474.45,1660.71,1490.09,1626.03,1798.1
MO,Altria Group Inc,Consumer Staples,Tobacco,1858419000,49.25,46.26,42.07,37.61,37.91,39.18,39.24,41.01,43.12,38.92,36.48,40.49
AMZN,Amazon.com Inc.,Consumer Discretionary,Internet & Direct Marketing Retail,501751000,1898.01,2004.2,1953.95,1907.7,2286.04,2471.04,2878.7,3111.89,3499.12,3221.26,3004.48,3220.08
AMCR,Amcor plc,Materials,Paper Packaging,1568482000,10.63,10.68,9.79,7.86,8.68,10.18,10.33,10.44,11.24,11.01,10.85,11.53
AEE,Ameren Corp,Utilities,Multi-Utilities,247207000,76.05,82.63,84.42,67.73,71.45,74.37,72.49,79.28,78.48,79.86,83.21,78.51
AAL,American Airlines Group,Industrials,Airlines,604999000,29.09,27.16,18.86,10.69,10.64,11.11,12.81,11.08,13.1,12.58,11.19,14.27
AEP,American Electric Power,Utilities,Electric Utilities,496390000,93.46,104.22,95.09,74.57,81.39,86.14,82,85.77,77.82,83.06,91.23,85.21
AXP,American Express Co,Financials,Consumer Finance,805202000,125.85,131,113.87,77.84,88.32,96.75,94.05,93.54,102.47,101.33,93.4,119.93
AIG,American International Group,Financials,Property & Casualty Insurance,861526000,51.76,51.16,42.85,21.61,23.9,30.55,29.58,32.14,29.15,27.72,32.45,39.31
AMT,American Tower Corp.,Real Estate,Specialized REITs,444213000,228.5,234.07,240.75,206.97,234.2,264.31,265.39,256.58,248.03,242.15,233.49,235.83
AWK,American Water Works Company Inc,Utilities,Water Utilities,181272000,120.2,136.52,130.84,112.8,119.2,127.77,130.62,147.06,140.17,148.57,154.3,154.3
AMP,Ameriprise Financial,Financials,Asset Management & Custody Banks,117978000,169.23,167.46,150.86,94.31,111.26,143.94,145.83,155.69,157.16,155.31,164.45,190.25
ABC,AmerisourceBergen Corp,Health Care,Health Care Distributors,204250000,85.08,85.7,87.16,86.23,86.38,95.15,99.45,104.48,94.3,95.36,98.94,102.19
AME,AMETEK Inc.,Industrials,Electrical Components & Equipment,230065000,100.8,97.72,90.02,69.81,80.49,92.02,87.59,94.95,102.02,99.85,102.27,117.24
AMGN,Amgen Inc.,Health Care,Biotechnology,582169000,240.1,216.88,212.2,197.81,230.98,226.91,255.12,247.36,250.86,255.39,220.21,225.08
APH,Amphenol Corp,Information Technology,Electronic Components,299155000,109.23,99.95,94.93,69.52,85.5,97.73,95.08,107.39,110.79,109.79,115.07,131.61
ADI,"Analog Devices, Inc.",Information Technology,Semiconductors,369485000,120.43,110,111.27,84.09,103.64,112.78,120.37,116.57,118.76,118.99,118.48,140.73
ANSS,ANSYS,Information Technology,Application Software,85884000,259.59,281.33,258.81,211.25,255.64,286.7,294.32,315.23,343.89,334.8,311.23,340.85
ANTM,Anthem,Health Care,Managed Health Care,248704000,300.87,266.43,271.27,214.3,269.57,290.03,268.68,270.75,273.08,270.17,278.25,313.9
AON,Aon plc,Financials,Insurance Brokers,228616000,208.79,225.03,221.06,153.68,178.21,196.14,191.14,200.23,202.65,206.18,180.64,210.69
AOS,A.O. Smith Corp,Industrials,Building Products,135430000,47.77,42.28,41,35.61,41.65,47.32,46.3,48.37,49.33,53.59,52.85,55.06
APA,Apache Corporation,Energy,Oil & Gas Exploration & Production,377478000,25.36,27.56,25.52,4.02,11.28,11.73,13,15.72,14.94,9.31,8.89,12.37
AAPL,Apple Inc.,Information Technology,"Technology Hardware, Storage & Peripherals",16823260000,75.09,77.17,74.7,60.23,72.27,80.46,91.03,108.94,134.18,116.79,108.77,122.72
AMAT,Applied Materials Inc.,Information Technology,Semiconductor Equipment,914344000,62.2,59.72,60.16,43.3,46.89,55.69,59.68,65.01,61.89,60.65,60.33,84.27
APTV,Aptiv PLC,Consumer Discretionary,Auto Parts & Equipment,270025000,96.31,86.72,82.17,45.92,65.75,76.64,75.42,79.72,87.05,93.96,97.88,122.21
ADM,Archer-Daniels-Midland Co,Consumer Staples,Agricultural Products,556389000,46.11,44.96,38.84,33.87,35.12,38.89,39.41,42.93,45.14,46.6,48.56,50.11
ANET,Arista Networks,Information Technology,Communications Equipment,75661000,204.72,225.27,196.59,192.77,207.64,234.64,209.44,260.51,224.1,207.05,216.12,273
AJG,Arthur J. Gallagher & Co.,Financials,Insurance Brokers,192322000,95.51,104.26,103.51,77,77.51,94.46,97.35,106.09,105.69,105.61,106.53,116.71
AIZ,Assurant,Financials,Multi-line Insurance,59318000,132.36,132.75,127.89,102.12,102.32,103.06,101.07,107.29,123.15,122.47,129.93,131.36
T,AT&T Inc.,Communication Services,Integrated Telecommunication Services,7126000000,38.86,36.96,37.18,28.05,29.9,30.93,29.9,29.62,29.47,28.49,27.34,28.87
ATO,Atmos Energy,Utilities,Gas Utilities,126037000,110.38,118.67,107.89,94.64,100.1,102.95,100.69,105.31,97.43,95.47,95.51,96.64
ADSK,Autodesk Inc.,Information Technology,Application Software,219889000,187.83,199.26,190.83,139.22,174.9,219.29,241.22,239.48,253.51,233.96,240.74,279.11
ADP,Automatic Data Processing,Information Technology,Internet Services & Infrastructure,428814000,170.32,173.94,163,129.72,140.42,145.55,149.11,134.46,138.53,137.7,161.46,174.67
AZO,AutoZone Inc,Consumer Discretionary,Specialty Stores,22759000,1189.74,1050.45,1046.89,776.86,994.45,1138.2,1130.48,1206.9,1222.43,1181.72,1141.15,1164.84
AVB,AvalonBay Communities,Real Estate,Residential REITs,139609000,207.24,216.69,209.67,138.02,158.44,160.42,159.05,149.93,158.2,155.6,145.34,167.45
AVY,Avery Dennison Corp,Materials,Paper Packaging,83418000,129.31,133.98,120.01,95.93,108.07,112.97,114.02,112.81,117.66,124.65,141.7,151.75
BKR,Baker Hughes Co,Energy,Oil & Gas Equipment & Services,649140000,25.61,21.51,17.17,9.8,13.7,16.33,15.41,15.63,13.88,12.76,15.71,19.23
BLL,Ball Corp,Materials,Metal & Glass Containers,327112000,63.88,74.15,75.17,64.17,65.61,71.17,70.68,74.18,81.97,82.6,90.2,96.82
BAC,Bank of America Corp,Financials,Diversified Banks,8650790000,35.64,32.97,29.37,19.77,23.08,24.61,23.26,24.99,25.71,24.1,24.08,28.69
BK,The Bank of New York Mellon,Financials,Asset Management & Custody Banks,886136000,50.92,45.21,40.96,32.7,36,37.7,37.59,36.03,37.21,34.17,35.1,39.46
BAX,Baxter International Inc.,Health Care,Health Care Equipment,510818000,85.87,89.69,87.18,78.66,87.84,90.39,87.31,83.16,85.55,79.72,78.67,75.51
BDX,Becton Dickinson,Health Care,Health Care Equipment,290852000,272.54,279.31,245.32,225.4,251.87,244.85,241.53,283.68,240.84,230.85,234.79,238.65
BRK.B,Berkshire Hathaway,Financials,Multi-Sector Holdings,1370952000,228.39,223.47,217.63,175.95,182.67,183.84,177.99,199.26,218.55,212.02,204.31,229.68
BBY,Best Buy Co. Inc.,Consumer Discretionary,Computer & Electronics Retail,258945000,87.31,85.26,79.61,53.9,72.26,77.5,87.35,100.89,113.5,114.09,115.72,108.86
BIO,Bio-Rad Laboratories,Health Care,Life Sciences Tools & Services,24741000,372.16,364.01,368.95,334.87,431.79,492.42,454.43,531.04,509.66,520.81,591.02,557.28
BIIB,Biogen Inc.,Health Care,Biotechnology,153882000,294.24,272.73,327.89,293.27,293.09,301.45,264.77,278.16,279.75,285.57,248.99,243.16
BLK,BlackRock,Financials,Asset Management & Custody Banks,152511000,508.98,530.08,487.94,409.54,484.16,538.23,544.32,579.95,596.24,567.91,614.87,715.23
BA,Boeing Company,Industrials,Aerospace & Defense,564530000,333.32,316,289.27,130.7,133.37,151.39,180.32,162.27,172.1,167.86,148.6,213.01
BKNG,Booking Holdings Inc,Consumer Discretionary,Internet & Direct Marketing Retail,40955000,2074.58,1839.03,1728.98,1271.63,1448.79,1670.73,1658.79,1650.24,1928.86,1742.98,1604.13,2052.67
BWA,BorgWarner,Consumer Discretionary,Auto Parts & Equipment,244519000,43.95,34.38,32.33,22.66,27.16,33.26,34.24,36.93,41.58,39.54,35.6,38.71
BXP,Boston Properties,Real Estate,Office REITs,155660000,135.58,143.17,134.54,85.25,92.93,89,90.05,86.24,85.36,82.83,76.05,99.83
BSX,Boston Scientific,Health Care,Health Care Equipment,1431921000,45.33,42.23,38.27,30.19,35.99,37.5,35.28,38,41.47,38.42,34.55,33.65
BMY,Bristol-Myers Squibb,Health Care,Health Care Distributors,2259752000,63.34,63.58,60.34,54.82,60.26,60.29,59.43,59.1,60.97,59.82,59.49,62.41
AVGO,Broadcom Inc.,Information Technology,Semiconductors,406713000,322.39,305.23,284.97,223.63,259.7,289.99,312.73,321.23,359.54,368.6,351.25,404.57
BR,Broadridge Financial Solutions,Information Technology,Data Processing & Outsourced Services,115619000,123.78,116.43,106.25,91.32,113.06,122.23,127.27,137.04,139.35,133.94,140.77,148.45
BF.B,Brown-Forman Corp.,Consumer Staples,Distillers & Vintners,309489000,67.06,68.74,64.32,53.47,61.02,65.52,64.52,69.06,72.6,75.48,70.86,81.6
CHRW,C. H. Robinson Worldwide,Industrials,Air Freight & Logistics,135946000,77.83,72.01,70.09,66.57,70.83,80.66,79.09,93.54,99.22,101.22,87.34,93.83
COG,Cabot Oil & Gas,Energy,Oil & Gas Exploration & Production,398580000,17.23,14.16,14.55,16.64,20.22,19.83,17,19.12,18.59,16.85,17.42,17.38
CDNS,Cadence Design Systems,Information Technology,Application Software,278931000,71.44,72.83,68.36,65.24,75.84,91.68,97.07,111.77,113.98,108.63,110.51,115.65
CPB,Campbell Soup,Consumer Staples,Packaged Foods & Meats,302945000,48.49,48.87,47.98,45.98,50.41,51.72,49.31,49.71,51.4,48.52,47.68,50.25
COF,Capital One Financial,Financials,Consumer Finance,457397000,103.61,99.75,91.47,44.68,61.58,68.99,60.7,63.49,68.58,72.93,75.68,89.7
CAH,Cardinal Health Inc.,Health Care,Health Care Distributors,293421000,50.09,51.26,54.02,47.71,47.42,54.7,51.68,58.04,49.34,46.08,47.52,54.03
KMX,Carmax Inc,Consumer Discretionary,Specialty Stores,162541000,89.51,95.06,89.74,52.36,71.07,90.09,89.02,97.4,108.58,93.49,89.08,96.14
CCL,Carnival Corp.,Consumer Discretionary,"Hotels, Resorts & Cruise Lines",777995000,51.31,42.75,33.06,8.8,13.93,16.8,16.36,13.07,16.51,15.03,13.55,20.15
CARR,Carrier Global,Industrials,Building Products,866687000,#N/A,#N/A,#N/A,15.05,16.77,21.82,22.61,27.62,30.3,30.77,35.1,37.6
CTLT,Catalent,Health Care,Pharmaceuticals,164698000,56.6,61.65,53.34,48.02,66.61,76.64,73.37,90.17,90.68,86.33,88.53,95.77
CAT,Caterpillar Inc.,Industrials,Construction Machinery & Heavy Trucks,543258000,150.53,129.77,127.6,111.35,110.88,120.5,126.06,131.78,146.05,146.71,163.27,173.26
CBOE,Cboe Global Markets,Financials,Financial Exchanges & Data,111626296,119.52,123.86,118.18,88.18,94.01,105.08,96.46,86.33,90.07,88.59,83.37,93.45
CBRE,CBRE Group,Real Estate,Real Estate Services,335456000,61.48,62.02,58.19,35.74,39.7,44.14,44.85,41.35,47.77,47.4,52.67,61.64
CDW,CDW,Information Technology,Technology Distributors,142988000,143.88,132.89,119.98,88.83,106.82,111.91,115.53,117.46,112.59,123.5,126.45,132.02
CE,Celanese,Materials,Specialty Chemicals,116895000,121.43,104.76,96.37,68.05,79.31,89.34,85.73,96.48,105.17,106.04,117.5,130.32
CNC,Centene Corporation,Health Care,Managed Health Care,579798000,61.88,62.88,55.44,56.12,64.97,65.7,65.41,63.1,61.37,58.82,62.38,62.87
CNP,CenterPoint Energy,Utilities,Multi-Utilities,544821000,26.95,26.34,23.75,14.12,16.46,18.05,19.27,19.32,20,19.4,21.47,22.83
CERN,Cerner,Health Care,Health Care Technology,306590000,73.62,73.17,72.55,60.71,66.71,72.59,69.49,68.82,72.47,72.31,71.87,75.37
CF,CF Industries Holdings Inc,Materials,Fertilizers & Agricultural Chemicals,213916000,46.4,39.75,38.22,25.85,26.61,29.59,28.54,31.45,33.41,29.88,28.07,37.5
SCHW,Charles Schwab Corporation,Financials,Investment Banking & Brokerage,1797212000,48.23,45.68,41.98,32.96,36.45,36.51,33.02,33.34,35.8,37.73,41.26,50.02
CHTR,Charter Communications,Communication Services,Cable & Satellite,199875000,490.43,532.05,497.13,424.03,509.64,541.3,521.91,589.7,617.24,635.11,588.43,662.25
CVX,Chevron Corp.,Energy,Integrated Oil & Gas,1925052000,121.43,106.28,96.59,68.56,89.44,92.79,87.62,84.81,83.08,70.42,72.15,87.45
CMG,Chipotle Mexican Grill,Consumer Discretionary,Restaurants,27980000,858.19,867.33,768.81,619.36,874.92,1047.88,1068.36,1146.71,1372.22,1238.02,1188.54,1321.06
CB,Chubb Limited,Financials,Property & Casualty Insurance,451371000,156.02,153.23,151.81,104.17,101.59,119.56,125.66,126.45,124.86,115.88,134.62,152.63
CHD,Church & Dwight,Consumer Staples,Household Products,248450000,70.03,75.11,74.96,63.8,71.22,75.3,77.9,93.41,95.33,93.1,87.9,87.84
CI,CIGNA Corp.,Health Care,Managed Health Care,361267000,204.94,191.77,194.34,173.07,187.09,198.1,190.5,173,176.15,167.38,174.84,207.51
CINF,Cincinnati Financial,Financials,Property & Casualty Insurance,160897000,105.96,106.31,101.36,73.57,60.95,59.64,64.1,78.4,80,76.49,72.22,80
CTAS,Cintas Corporation,Industrials,Diversified Support Services,104986000,270.79,282.01,279.6,162.69,211.81,250.94,267.97,298.74,335.31,341.93,320.37,359.08
CSCO,Cisco Systems,Information Technology,Communications Equipment,4225514000,48.42,46.53,41.17,38.33,40.92,46.3,46.06,47.16,42.03,38.8,35.9,43.54
C,Citigroup Inc.,Financials,Diversified Banks,2081960000,81.23,75.13,67.59,38.51,45.52,49.45,50.35,50.39,51.2,43.44,42.21,55.47
CFG,Citizens Financial Group,Financials,Regional Banks,427073000,40.75,37.68,33.32,17.3,21.42,24.73,24.23,24.23,26.17,25.43,28.03,33.62
CTXS,Citrix Systems,Information Technology,Application Software,123124000,111.67,122.67,108.78,139.14,142.58,146.65,149.38,139.85,145.23,139.2,114.43,125.59
CLX,The Clorox Company,Consumer Staples,Household Products,126050000,152.61,155.84,172.01,174.66,192.71,204.21,219.57,231.96,220.09,211.65,216.03,203.21
CME,CME Group Inc.,Financials,Financial Exchanges & Data,358987000,201.85,214.57,209.4,166.2,173.65,182.32,168.9,163,173.78,170.25,152.28,179.16
CMS,CMS Energy,Utilities,Multi-Utilities,286334000,61.71,68.48,64.14,55.71,55.95,59.01,59.96,62.97,60.22,61.68,64.35,61.51
KO,Coca-Cola Company,Consumer Staples,Soft Drinks,4297435000,54.99,58.58,55.92,42.12,45.6,46.99,44.82,46.3,49.12,49.18,48.62,52.04
CTSH,Cognizant Technology Solutions,Information Technology,IT Consulting & Other Services,534641000,61.92,62.61,61.33,42.51,56.5,52.85,56.42,68.04,66.97,69.33,70.8,78.66
CL,Colgate-Palmolive,Consumer Staples,Household Products,857169000,68.12,74.93,72.44,65.55,68.53,72.73,73.03,76.57,78.09,77.06,80.16,86.26
CMCSA,Comcast Corp.,Communication Services,Cable & Satellite,4565879000,45.37,42.66,42.52,32.42,36.98,40.18,39.7,42.88,45.05,46.44,41.4,51.02
CMA,Comerica Inc.,Financials,Diversified Banks,139088000,71.75,62,55.02,27.17,32.83,37.58,35.94,38.05,39.89,38.08,47.21,51.16
CAG,Conagra Brands,Consumer Staples,Packaged Foods & Meats,488518000,33.63,32.94,28.24,29.76,33.28,34.72,35.67,37.56,37.83,35.87,35.6,36.29
CXO,Concho Resources,Energy,Oil & Gas Exploration & Production,196295000,86.95,75.62,69.06,41.64,56.73,56.62,50.87,50.74,51.14,42.35,43.77,56.91
COP,ConocoPhillips,Energy,Oil & Gas Exploration & Production,1068035000,65.46,59.18,49.23,29.62,39.14,43.39,40.74,36.71,37.16,32.43,30.23,39.27
ED,Consolidated Edison,Utilities,Electric Utilities,342116000,88.86,93.85,84.53,77.61,77.25,75.07,73.1,75.91,69.65,79.04,79.78,76.91
STZ,Constellation Brands,Consumer Staples,Distillers & Vintners,169505000,188.3,189.12,177.22,136.88,161.57,173.25,185.88,173.29,185.94,184.61,176.39,205.74
COO,The Cooper Companies,Health Care,Health Care Supplies,49124000,323.32,346.24,335.45,273.05,280.31,315.18,287.51,295.36,309.4,338.77,320.52,334.04
CPRT,Copart Inc,Industrials,Diversified Support Services,236133000,93.48,100.8,86.69,64.79,78.55,89.68,84.59,93.29,104.02,107.22,113.4,115.25
GLW,Corning Inc.,Information Technology,Electronic Components,764010000,29.99,26.91,24.67,19.11,20.66,22.74,25.66,30.9,32.85,32.53,32.47,37.38
CTVA,Corteva,Materials,Fertilizers & Agricultural Chemicals,745016000,28.74,30.12,28.24,22.51,25.49,26.82,27.04,28.52,29.44,28.68,33.48,38.31
COST,Costco Wholesale Corp.,Consumer Staples,Hypermarkets & Super Centers,442955000,291.49,302,309.14,286.78,301.92,308.29,304.75,329.32,351.38,358.46,364.39,387.56
CCI,Crown Castle International Corp.,Real Estate,Specialized REITs,431298000,141.68,149.19,156.24,137.59,156.41,173.77,171.89,164.1,162.1,168.01,159.48,170.8
CSX,CSX Corp.,Industrials,Railroads,764775000,73.19,77.1,70.75,54.85,65,70.86,68.24,70.35,78.04,76.86,81.76,90.62
CMI,Cummins Inc.,Industrials,Industrial Machinery,148007000,179.32,162.89,155.66,130.39,157.43,169.83,170.95,195.31,211.06,207.04,227.68,230.36
CVS,CVS Health,Health Care,Health Care Services,1308913000,74.16,66.93,64.03,58.34,59.7,65.64,64.56,63.86,60.28,57.84,58.08,67.54
DHI,D. R. Horton,Consumer Discretionary,Homebuilding,364627000,52.57,58.74,54.83,32.68,46.54,54.99,53.86,68.32,73.36,77.54,69.18,72.09
DHR,Danaher Corp.,Health Care,Health Care Equipment,710377000,155.11,161,150.69,128.7,160.77,165.38,177.16,206.83,208.38,214.67,232.44,225
DRI,Darden Restaurants,Consumer Discretionary,Restaurants,130328000,112.26,114.92,98.8,46.02,69.85,78.31,76.11,74.49,87.14,104.88,91.84,110.51
DVA,DaVita Inc.,Health Care,Health Care Facilities,112000000,75.25,79.22,82.23,72.6,76.51,80.34,80.64,87.21,87.34,82.82,89.07,108.59
DE,Deere & Co.,Industrials,Agricultural & Farm Machinery,313361000,176.86,158.29,163.92,133.67,138.19,149.14,156.85,177.62,217.69,219.04,231.7,255.13
DAL,Delta Air Lines Inc.,Industrials,Airlines,637734000,59.04,56.04,47.16,23.87,24.12,26.17,27.7,25.2,30.71,31.1,30.22,39.96
XRAY,Dentsply Sirona,Health Care,Health Care Supplies,218555000,56.93,55.62,49.65,37.31,40.29,47.1,44.95,44.68,44.85,43.51,47.7,50.61
DVN,Devon Energy,Energy,Oil & Gas Exploration & Production,672292000,25.79,21.18,16.31,6.79,11.15,11.7,11.1,10.6,10.91,9.1,9.43,14
DXCM,DexCom,Health Care,Health Care Equipment,96028000,219.38,237.09,285.73,254.81,341.52,378.7,400.21,443.67,422.19,413.84,312,327.72
FANG,Diamondback Energy,Energy,Oil & Gas Exploration & Production,157974000,92.65,73.08,62.14,25.07,40.28,43.73,39.6,40.01,38.48,29.09,27.71,39.85
DLR,Digital Realty Trust Inc,Real Estate,Specialized REITs,280165000,118,123.14,130.49,134.48,145.92,142.44,147.39,160.66,153.56,147.25,145.95,135.13
DFS,Discover Financial Services,Financials,Consumer Finance,306496000,85.3,75.09,67.88,31.53,41.37,49.84,48.22,49.5,52.97,58.91,67.21,80.15
DISCA,"Discovery, Inc. (Class A)",Communication Services,Broadcasting,160467000,32.22,29.15,26.4,19.45,21.67,21.95,21.07,21.34,21.42,21.51,21.12,27.68
DISCK,"Discovery, Inc. (Class C)",Communication Services,Broadcasting,340171000,30.19,27.68,25.17,17.64,19.54,19.85,19.25,19.13,19.36,19.36,19.13,24.66
DISH,Dish Network,Communication Services,Cable & Satellite,287531000,35.74,36.75,34.33,18.7,23.99,32.63,34.63,33.96,34.57,28.78,25.82,36.14
DG,Dollar General,Consumer Discretionary,General Merchandise Stores,245001000,156.54,154.77,159.6,153.16,173,191.5,190.9,192.89,199.9,211.52,209.52,219.84
DLTR,Dollar Tree,Consumer Discretionary,General Merchandise Stores,235192000,93.78,87.51,84.56,72.94,77.39,96.25,93.39,94.51,93.68,91.87,91.12,112.39
D,Dominion Energy,Utilities,Electric Utilities,815819000,81.96,85.84,84.18,69.93,75.61,85.89,82.35,80.33,77.82,78.59,81.66,80.16
DPZ,Domino's Pizza,Consumer Discretionary,Restaurants,39400000,293.4,270.75,347.52,333.77,357.3,383.58,375.71,387.03,410.15,426.99,376.03,391.75
DOV,Dover Corporation,Industrials,Industrial Machinery,144103000,116.87,113.68,107.4,79.98,91.47,97.75,95.6,103.14,111.42,107.14,114.87,122.64
DOW,Dow Inc.,Materials,Commodity Chemicals,741752000,53.75,46.74,41.42,27.04,33.93,38.61,40.75,40.09,47.27,46.11,47.82,53.53
DTE,DTE Energy Co.,Utilities,Multi-Utilities,193560000,128.7,133.78,116.64,88.08,100.68,108.42,110,113.87,117.79,113.44,125.7,126.24
DUK,Duke Energy,Utilities,Electric Utilities,735959000,90.34,97.67,96.67,77.57,82.64,87.44,81.93,83.81,79.21,90.05,93.82,93.26
DRE,Duke Realty Corp,Real Estate,Industrial REITs,371951000,34.37,36.31,33.9,30.18,33.3,35.2,36.12,39.67,38.56,37.49,39.04,38.6
DD,DuPont de Nemours Inc,Materials,Specialty Chemicals,734161000,63.5,51.81,44.95,32.52,45.07,50.88,52.32,52.46,57.26,54.53,58.8,63.53
DXC,DXC Technology,Information Technology,IT Consulting & Other Services,254412000,36.76,32.17,23.73,11.96,16.79,14.76,16.14,18.15,20.04,18.81,18.96,22.14
EMN,Eastman Chemical,Materials,Diversified Chemicals,135468000,78.67,72.2,62.93,45.51,60.02,68.56,68.7,75.17,76.61,76.31,83.32,98.78
ETN,Eaton Corporation,Industrials,Electrical Components & Equipment,398600000,95.87,95.49,95.68,73.14,82.07,84.66,87.1,94.87,103.43,100.59,107.34,120.7
EBAY,eBay Inc.,Consumer Discretionary,Internet & Direct Marketing Retail,689339000,36.3,34.39,35.96,28.78,39.25,45.2,52.96,56.57,53.65,52.38,47.87,50.52
ECL,Ecolab Inc.,Materials,Specialty Chemicals,285445000,190.23,201.53,191.22,146.7,190,209.05,200.24,184.41,201.66,197.08,188.85,224.02
EIX,Edison Int'l,Utilities,Electric Utilities,378514000,74.38,77.66,70.44,51.27,55.69,59.25,55.33,53.93,51.81,50.44,57.55,62.09
EW,Edwards Lifesciences,Health Care,Health Care Equipment,623248000,77.5,73.31,70.97,57.54,69.78,74.27,69,78.02,85.91,78.98,72.6,83.88
EA,Electronic Arts,Communication Services,Interactive Home Entertainment,290077000,107.34,105.04,106.89,97.53,113.27,122.78,135.22,142.36,138.29,132.78,119.81,127.24
EMR,Emerson Electric Company,Industrials,Electrical Components & Equipment,598039000,77.48,72.6,66.3,45.7,53.79,60.4,61.21,62.77,70.13,64.63,67.96,75.77
ETR,Entergy Corp.,Utilities,Electric Utilities,200233000,117.93,132.19,124.12,85.58,93.57,102.68,96.72,102.62,97.69,101.28,105.34,108.85
EOG,EOG Resources,Energy,Oil & Gas Exploration & Production,583378000,84.14,71.37,62.86,34.6,44.57,51.81,49.86,46.37,45.21,34.86,35.15,46.53
EFX,Equifax Inc.,Industrials,Research & Consulting Services,121643000,142.39,152.27,150.87,113.47,137.89,155.05,173.57,162.86,168.69,158.01,141.85,166.94
EQIX,Equinix,Real Estate,Specialized REITs,89102000,579.35,603.6,618.88,595.46,670.85,710.17,728.17,779.12,789.8,768.35,738.32,712.58
EQR,Equity Residential,Real Estate,Residential REITs,372253000,79.77,82.84,79.07,57.7,62.31,61.1,60.83,52.33,56.78,53.44,49.31,58.99
ESS,"Essex Property Trust, Inc.",Real Estate,Residential REITs,65205000,298.28,311.39,293.44,200.32,236.81,246.91,239.37,214.24,215.21,206.82,217,246.54
EL,Est√©e Lauder Companies,Consumer Staples,Personal Products,226538000,206.26,196.2,193.33,153.38,172.54,200.43,189.33,198.17,220.99,219.53,223.85,247.17
ETSY,Etsy,Consumer Discretionary,Internet & Direct Marketing Retail,126091000,45.19,49.36,58.84,35.45,64.44,78.59,111.21,126.62,125.05,131.69,126.44,154.67
EVRG,Evergy,Utilities,Electric Utilities,226832000,63.44,71.81,69.39,51.75,55.92,62.96,61.01,62.68,52.66,50.82,56.31,55.56
ES,Eversource Energy,Utilities,Multi-Utilities,342824000,83.23,92.41,93.62,75.99,79.87,85.58,85.11,89.49,83.66,85.45,90.59,88.22
RE,Everest Re Group Ltd.,Financials,Reinsurance,39966000,278.15,279.59,258.16,181.24,165.01,193.77,203.89,220.96,217.87,196.93,207,230.71
EXC,Exelon Corp.,Utilities,Multi-Utilities,975572000,45.43,48.2,45.43,33.48,35.8,38.84,37.36,37.99,36.33,35.83,40.96,41.25
EXPE,Expedia Group,Consumer Discretionary,Internet & Direct Marketing Retail,135938000,110.98,107.8,96.73,52,67.29,82.42,84.44,79.96,99.25,92.06,94.72,126.22
EXPD,Expeditors,Industrials,Air Freight & Logistics,169266000,78.35,72.7,71.94,65.48,71.36,75.59,76.19,85.83,89.68,89.29,88.62,89.75
EXR,Extra Space Storage,Real Estate,Specialized REITs,131358000,104.73,109.58,105.4,94,87.16,98.82,96.96,101.92,106.85,109.24,115.85,113.66
XOM,Exxon Mobil Corp.,Energy,Integrated Oil & Gas,4228234000,70.9,60.73,53.88,37.53,43.14,46.28,43.71,42.25,39.43,33.13,33.99,38.5
FFIV,F5 Networks,Information Technology,Communications Equipment,61603000,140.76,121.77,120.04,103.73,135.3,145.82,137.31,139.05,131.1,123.07,131.23,163.94
FB,"Facebook, Inc.",Communication Services,Interactive Media & Services,2403969000,209.78,204.19,196.44,159.6,202.27,231.91,237.55,251.96,295.44,266.63,261.36,286.55
FAST,Fastenal Co,Industrials,Building Products,574100000,37.23,35.85,35.18,30.61,35.7,40.66,43.01,47.46,49.49,44.76,44.52,48.52
FRT,Federal Realty Investment Trust,Real Estate,Retail REITs,75647000,125.28,125.07,119.93,69.41,78.42,84.87,87.46,75.67,79.53,76.05,71.45,87.6
FDX,FedEx Corporation,Industrials,Air Freight & Logistics,265071000,155.1,143.84,139.75,113.48,118.2,129.71,156.66,169.22,225.46,254.08,266.98,287.76
FIS,Fidelity National Information Services,Information Technology,Data Processing & Outsourced Services,620509000,139.9,145.75,148.61,114.56,129.29,138.87,136.86,148.93,152.35,146.87,123.97,150.38
FITB,Fifth Third Bancorp,Financials,Regional Banks,712420000,31.02,28.98,25.72,13.46,17.77,19.82,18.43,19.64,20.85,21.03,24.11,26.2
FE,FirstEnergy Corp,Utilities,Electric Utilities,542590000,47.53,51.5,47.32,38.86,40.84,42.76,39.88,29.19,28.26,28.76,29.93,27.17
FRC,First Republic Bank,Financials,Regional Banks,171288000,117.98,112.28,105.68,81.66,100.59,108.8,105.03,112.94,113.37,110.37,127.22,131.41
FISV,Fiserv Inc,Information Technology,Data Processing & Outsourced Services,670438000,115.52,121.94,114.23,88.01,100.25,108.87,98.5,100.54,99.37,104.25,97.29,115.79
FLT,FleetCor Technologies Inc,Information Technology,Data Processing & Outsourced Services,83402000,287.74,319.08,282.04,173.22,232.83,246.43,254.69,263.21,249.99,237.18,230.53,267.26
FLIR,FLIR Systems,Information Technology,Electronic Equipment & Instruments,131153000,52.75,51.73,43.65,30.68,42.84,45.87,40.86,42.04,36.36,35.44,35.47,40.37
FLS,Flowserve Corporation,Industrials,Industrial Machinery,130263000,50.68,46.42,41.65,23.14,26.55,27.04,27.63,28.13,29.89,26.67,30.54,33.96
FMC,FMC Corporation,Materials,Fertilizers & Agricultural Chemicals,129757000,99.88,97.61,96.91,76.97,89.92,98.88,99.36,105.74,110.15,103.19,106.95,118.93
F,Ford Motor Company,Consumer Discretionary,Automobile Manufacturers,3907575000,9.42,8.98,7.2,4.4,4.92,5.87,5.98,6.69,6.83,6.75,7.71,9.24
FTNT,Fortinet,Information Technology,Systems Software,162332000,109.68,116.49,110.1,100.47,104.34,144.75,139.22,138.22,130.52,120.25,110.59,122.64
FTV,Fortive Corp,Industrials,Industrial Machinery,337196000,64.84,62.53,59.08,45.96,50.8,51.98,56.41,58.16,61.53,63,63.32,70.55
FBHS,Fortune Brands Home & Security,Industrials,Building Products,138929000,65.81,68.98,63.67,39.38,51.5,61.38,62.39,78.43,85.74,87.67,84.58,82.89
FOXA,Fox Corporation (Class A),Communication Services,Movies & Entertainment,337543000,37.07,37.59,32.11,22.34,25.43,29.54,26.93,26.36,27.44,28.02,27.4,30.14
FOX,Fox Corporation (Class B),Communication Services,Movies & Entertainment,257830000,36.46,36.83,31.79,21.57,25.02,29.14,26.92,26.25,27.49,28.21,26.89,29.7
BEN,Franklin Resources,Financials,Asset Management & Custody Banks,504592000,25.61,25.2,23.35,15.86,18.03,19.49,20.2,21.47,21.02,19.99,19.59,22.36
FCX,Freeport-McMoRan Inc.,Materials,Copper,1452868000,13.2,11.44,10.5,6.31,8.46,9.34,11.49,13.1,16.18,15.55,18.24,23.64
GPS,Gap Inc.,Consumer Discretionary,Apparel Retail,374029000,17.28,17.45,14.03,5.89,7.83,9.89,12.47,13.11,17.77,17.87,20.83,21.65
GRMN,Garmin Ltd.,Consumer Discretionary,Consumer Electronics,191237000,98.34,98.12,93.47,71.41,79.81,90.54,97.13,99.97,104,94.68,109.89,119.8
IT,Gartner Inc,Information Technology,IT Consulting & Other Services,89287000,156.04,163.85,129.8,93.29,114.92,122.24,120.03,125.66,130.06,125.72,125.02,153.95
GD,General Dynamics,Industrials,Aerospace & Defense,286972000,178.43,176.62,165.03,127.4,127.8,147.27,147.14,147.72,150.19,138.22,136.09,151.76
GE,General Electric,Industrials,Industrial Conglomerates,8759873000,11.93,12.26,11.21,7.04,6.5,6.76,6.74,6.11,6.19,6.24,7.52,10.15
GIS,General Mills,Consumer Staples,Packaged Foods & Meats,611437000,52.13,52.99,51.41,53.12,59.58,63.54,60.43,64.6,63.12,62.57,59.73,61.31
GM,General Motors,Consumer Discretionary,Automobile Manufacturers,1431308000,37.38,33.72,31.42,19.26,20.9,26.94,24.96,25.64,29.79,30.38,34.55,44.68
GPC,Genuine Parts,Consumer Discretionary,Specialty Stores,144264000,105.81,94.3,89.04,62.74,75.19,84.78,85.9,90.86,95.66,94.97,93.52,101.67
GILD,Gilead Sciences,Health Care,Biotechnology,1253528000,65.23,66.36,75.4,72.51,79.95,75.16,76.06,71.73,65.83,63.32,58.53,61.12
GL,Globe Life Inc.,Financials,Life & Health Insurance,104662000,105.56,105.41,96.14,66.02,79.99,79.25,72.8,79.55,82.03,80.52,83.25,94.44
GPN,Global Payments Inc.,Information Technology,Data Processing & Outsourced Services,299337000,185.67,198.06,192.39,133.11,161.64,181.68,171.49,179.04,179.67,179.24,160.36,195.98
GS,Goldman Sachs Group,Financials,Investment Banking & Brokerage,344068000,234.32,239.01,209.47,145.29,177.1,199.93,197.57,199.39,205.46,198.55,190.2,232.08
GWW,Grainger (W.W.) Inc.,Industrials,Industrial Machinery,53668000,344.71,303.23,288.88,236.52,267.66,305.94,307.96,341.96,367.42,358.03,363.23,413.14
HAL,Halliburton Co.,Energy,Oil & Gas Equipment & Services,884007000,24.68,21.5,17.22,6.6,9.76,12.04,12.47,14.53,16.23,11.17,12.8,17.08
HBI,Hanesbrands Inc,Consumer Discretionary,"Apparel, Accessories & Luxury Goods",348324000,14.57,13.37,13.36,7.39,9.58,10.29,11.06,14.32,15.54,15.95,16.59,14.14
HIG,Hartford Financial Svc.Gp.,Financials,Property & Casualty Insurance,358330000,60.95,60.14,53.12,33.46,35.69,38.87,37.7,42,41.04,36.77,39.34,45.43
HAS,Hasbro Inc.,Consumer Discretionary,Leisure Products,137031000,105.33,101.77,79.29,70.08,68.73,72.66,74.69,74.87,81.9,82.95,82.4,96.19
HCA,HCA Healthcare,Health Care,Health Care Facilities,338375000,147.49,141.8,135.05,83.73,104.86,108.83,98.08,125.87,134.2,124.56,130.6,151.91
PEAK,Healthpeak Properties,Real Estate,Health Care REITs,538361000,33.68,36.11,32.83,21.29,25.15,25.52,28.82,26.89,27.46,28.04,28.25,29.66
HSIC,Henry Schein,Health Care,Health Care Distributors,142776000,67.12,69.62,62.92,48.57,52.15,61.13,58.86,70.9,65.16,57.92,62.22,64.91
HSY,The Hershey Company,Consumer Staples,Packaged Foods & Meats,147530000,143.96,154.65,152.36,131.66,132.54,136.43,130.12,144.94,148.42,143.93,140.78,150.04
HES,Hess Corporation,Energy,Integrated Oil & Gas,307077000,67.72,56.43,57.19,31.98,44.28,48.7,49.85,49.84,45.94,38.98,38.04,47.76
HPE,Hewlett Packard Enterprise,Information Technology,"Technology Hardware, Storage & Peripherals",1293500000,16.17,14.14,12.89,9.58,9.48,9.76,9.42,9.89,9.47,9.23,8.91,11.2
HLT,Hilton Worldwide Holdings Inc,Consumer Discretionary,"Hotels, Resorts & Cruise Lines",277446000,111.45,107.85,96.46,63.04,72.03,81.91,74.44,74.74,91.71,87.22,88,104.84
HFC,HollyFrontier Corp,Energy,Oil & Gas Refining & Marketing,162017000,51.39,43.14,34.04,21.73,30.32,31.14,27.71,26.67,23.96,18.94,19.22,24.18
HOLX,Hologic,Health Care,Health Care Equipment,257010000,52.07,53.62,48.82,32.7,49.4,53.25,56.97,71.32,59.22,66.35,70.56,69.63
HD,Home Depot,Consumer Discretionary,Home Improvement Retail,1076601000,219.66,231.54,229.94,178.63,218.57,247.29,248.15,266.18,285.94,277.62,270.74,276.6
HON,Honeywell Int'l Inc.,Industrials,Industrial Conglomerates,701686000,180.79,171.32,164.24,129.71,137.25,146.18,144.11,148.53,167.97,163.68,173.61,206.2
HRL,Hormel Foods Corp.,Consumer Staples,Packaged Foods & Meats,539918000,44.31,47.43,43.19,46.35,46.6,48.85,47.44,50.8,50.69,49.28,49.46,47.53
HST,Host Hotels & Resorts,Real Estate,Hotel & Resort REITs,705330000,18.23,16.35,14.97,10.28,11.44,12.25,10.89,10.31,11.28,11.14,10.94,14.51
HWM,Howmet Aerospace,Industrials,Aerospace & Defense,433604000,31.54,30.06,29.95,13.2,12.54,13.41,15.28,15.13,17.54,17.23,17.85,23.77
HPQ,HP Inc.,Information Technology,"Technology Hardware, Storage & Peripherals",1289636000,20.79,21.3,21.86,14.84,14.71,15.13,17,17.77,19.26,19,18.41,22.38
HUM,Humana Inc.,Health Care,Managed Health Care,132341000,363.24,333.09,345.36,298.75,372.24,401.5,391.55,394.55,414.85,415.36,408.58,405.72
HBAN,Huntington Bancshares,Financials,Regional Banks,1022235000,14.99,13.72,12.94,7.45,8.57,9.1,8.64,9.27,9.44,9.15,10.81,12.5
HII,Huntington Ingalls Industries,Industrials,Aerospace & Defense,40493000,255.85,261.35,209.64,173.14,185.67,195.53,173.73,175.34,150.33,139.98,149.5,164.42
IEX,IDEX Corporation,Industrials,Industrial Machinery,75706000,173.3,165.06,153.04,133.2,151.29,158.12,155.84,166.29,182.08,178.12,178.76,195.14
IDXX,IDEXX Laboratories,Health Care,Health Care Equipment,85300000,265.02,275.77,261.99,230.66,270.75,312.19,334.54,391.99,398.49,394.78,431.05,467.86
INFO,IHS Markit Ltd.,Industrials,Research & Consulting Services,401054000,75.79,79.66,73.49,58.3,65.3,69.92,75.84,81.55,81.15,78.56,82.32,93.6
ITW,Illinois Tool Works,Industrials,Industrial Machinery,316520000,181.68,176.46,173.28,137.27,159.45,171.23,172.44,185.92,201.02,190.9,202.08,210.06
ILMN,Illumina Inc,Health Care,Life Sciences Tools & Services,146000000,327,293.41,278.28,256.46,305.88,365.41,368.55,397.86,347.84,309.61,292.88,334.34
INCY,Incyte,Health Care,Biotechnology,218996000,85.97,72.94,79.06,74.18,97.3,101.75,102.65,101.79,92.97,92.43,84.44,85.42
IR,Ingersoll Rand,Industrials,Industrial Machinery,417656000,36.88,35.77,32.8,23.79,28.13,28.76,28.04,32.63,36.21,35.57,35.98,44.8
INTC,Intel Corp.,Information Technology,Semiconductors,4098000000,60.84,64.42,58.18,51.88,57.47,61.86,58.81,48.3,50.79,52.24,44.46,49.56
ICE,Intercontinental Exchange,Financials,Financial Exchanges & Data,561284000,92.67,100.04,93.4,79.31,88.67,97.62,93.3,96.28,106.52,101.43,94.66,107.16
IBM,International Business Machines,Information Technology,IT Consulting & Other Services,891057000,135.42,146.27,134.3,105.14,121.87,124.89,118.54,124.31,123.4,121.09,112.91,123.16
IP,International Paper,Materials,Paper Packaging,393095000,45.52,41.25,38.23,30.15,33.91,34.73,34.81,35.44,37.52,39.95,45.05,49.85
IPG,Interpublic Group,Communication Services,Advertising,390035000,22.71,22.78,21.79,14.54,16.43,17.47,17.06,18.42,17.74,16.77,18.92,22.79
IFF,International Flavors & Fragrances,Materials,Specialty Chemicals,106933000,127.55,135.84,122.56,100.73,126.63,131.02,124.17,124.54,124.74,120.09,105.07,111.62
INTU,Intuit Inc.,Information Technology,Application Software,274046000,266.16,282.8,281.18,218.12,261.13,289.95,302.58,311.7,347.18,332.34,316.42,356.82
ISRG,Intuitive Surgical Inc.,Health Care,Health Care Equipment,117555000,597.26,565.62,559.07,458.26,498.86,574.59,575.54,688.94,741.57,710.52,675.98,733.65
IVZ,Invesco Ltd.,Financials,Asset Management & Custody Banks,459335000,17.99,17.28,14.78,8.01,7.99,8.22,10.26,10,10.18,11.25,13.48,16.46
IPGP,IPG Photonics Corp.,Information Technology,Electronic Manufacturing Services,53301000,146.48,132.81,130.35,105.8,119.37,159.81,155.78,180.01,160.82,173,190.65,207.88
IQV,IQVIA Holdings Inc.,Health Care,Life Sciences Tools & Services,191726000,156.41,155.25,147.08,100.04,136.52,149.41,141.53,161.18,165.13,158.33,155.13,171.23
IRM,Iron Mountain Incorporated,Real Estate,Specialized REITs,288171000,30.41,31.85,31.7,22.22,23.6,26.41,26.25,28.05,29.94,27.01,26.52,27.24
JKHY,Jack Henry & Associates,Information Technology,Data Processing & Outsourced Services,76316000,145.89,151.98,158.73,147.08,158.5,180.72,183.83,182,164.36,163.54,151.77,161.34
J,Jacobs Engineering Group,Industrials,Construction & Engineering,129981000,90.27,93.04,96.89,79.22,80.78,85.09,83.9,90.5,91.44,91.45,99.12,108.73
JBHT,J. B. Hunt Transport Services,Industrials,Trucking,105679000,117.52,110.44,96.56,90.5,100.87,115.56,117.65,130.62,140.97,125.21,122.43,135.66
SJM,JM Smucker,Consumer Staples,Packaged Foods & Meats,114093000,102.14,104.17,106.74,109.6,115.51,115.32,105.22,110.97,117.96,116,116.66,116.92
JNJ,Johnson & Johnson,Health Care,Pharmaceuticals,2632543000,145.97,150.17,140.02,128.81,148.29,147.19,140.38,147.35,151.52,147.32,138.69,147.45
JCI,Johnson Controls International,Industrials,Building Products,723908000,41.4,39.29,38.07,25.16,27.86,31.77,33.89,38.92,41.18,40.68,43.94,46.27
JPM,JPMorgan Chase & Co.,Financials,Diversified Banks,3048203000,141.09,133.37,121.52,84.36,93.25,98.6,93.26,96.1,100.14,96.97,100.25,119.74
JNPR,Juniper Networks,Information Technology,Communications Equipment,329736000,24.71,23.15,21.88,19.22,21.82,24.28,22.55,25.3,24.57,21.35,19.67,21.89
KSU,Kansas City Southern,Industrials,Railroads,93602000,155.45,171.45,155.06,122.13,128.36,149.27,144.6,176.6,184.3,179.45,178.12,187.1
K,Kellogg Co.,Consumer Staples,Packaged Foods & Meats,343713000,67.64,68.84,63.14,61.09,64.86,66.11,65.93,69.35,69.24,64.38,63.94,63.68
KEY,KeyCorp,Financials,Regional Banks,976473000,20.26,18.98,16.97,9.45,11.07,11.85,11.69,12.03,12.53,11.92,13.43,15.84
KEYS,Keysight Technologies,Information Technology,Electronic Equipment & Instruments,186094000,104.19,93.21,97.42,80.89,93.84,106.93,99.71,100.77,99.74,97.48,104.74,121.84
KMB,Kimberly-Clark,Consumer Staples,Household Products,340137000,135.83,143.78,141.1,125.66,136.78,141.28,141.89,151.6,154.26,147.63,134.35,141.28
KIM,Kimco Realty,Real Estate,Retail REITs,432499000,19.6,19.18,17.82,8.3,10.6,11.98,12.91,11.09,12.21,11.61,10.45,14.8
KMI,Kinder Morgan,Energy,Oil & Gas Storage & Transportation,2263794000,21.04,20.81,20.24,12.73,14.56,15.77,14.91,14.03,13.87,12.24,11.89,14.1
KLAC,KLA Corporation,Information Technology,Semiconductor Equipment,155111000,182.57,169.93,158.74,131.61,150.27,175.96,193.15,207.65,207.95,198.98,202.23,256.66
KHC,Kraft Heinz Co,Consumer Staples,Packaged Foods & Meats,1222623000,31.61,29.15,26.07,23.68,29.38,30.43,31.67,34.79,34.14,30.37,31.67,33.14
KR,Kroger Co.,Consumer Staples,Food Retail,761347000,28.66,26.98,29.68,30.5,31.96,32.49,33.57,35.1,35.4,34.02,32.06,33.01
LB,L Brands Inc.,Consumer Discretionary,Apparel Retail,278109000,17.49,22.44,22.25,10.23,12,16.54,15.1,24.38,31.54,33.22,33.02,38.9
LHX,L3Harris Technologies,Industrials,Aerospace & Defense,210112000,203.31,220.89,202.05,177.17,189.46,196.12,170.49,167.88,177.72,172.69,170.4,191.84
LH,Laboratory Corp. of America Holding,Health Care,Health Care Services,97400000,167.48,178.58,187.96,116.17,159.03,177.02,167.03,196.02,174.11,186.91,207.23,201.46
LRCX,Lam Research,Information Technology,Semiconductor Equipment,144009000,297.89,308.44,300.33,223.33,235.02,270.97,317.48,381.41,340.56,339.13,350.95,467.65
LW,Lamb Weston Holdings Inc,Consumer Staples,Packaged Foods & Meats,146339000,84.09,91.75,86.65,51,58.35,61.59,63.42,60.13,61.33,66.67,65.67,72.75
LVS,Las Vegas Sands,Consumer Discretionary,Casinos & Gaming,763828000,70.8,66.56,58.26,40.3,45.61,49.03,45.04,44,49.65,46.22,49.17,56.62
LEG,Leggett & Platt,Consumer Discretionary,Home Furnishings,132519000,50.34,46.96,40.25,24.42,33.75,31.79,34.38,39.7,42.43,41.65,43.52,42.8
LDOS,Leidos Holdings,Information Technology,IT Consulting & Other Services,142321000,98.62,102.46,110.06,87.15,97.89,105.98,93.31,98.3,89.7,90.42,85.73,101.64
LEN,Lennar Corp.,Consumer Discretionary,Homebuilding,275116000,55.81,66.66,62.62,34.73,49.46,60.14,59.78,73.6,78.13,82.93,72.51,73.23
LLY,Lilly (Eli) & Co.,Health Care,Pharmaceuticals,956582000,132.21,141,132.84,136.42,153.63,152.45,163.3,152.84,147.3,144.29,131.63,145.56
LNC,Lincoln National,Financials,Multi-line Insurance,193265000,59.75,54.42,48.28,23.85,32.48,39.23,34.67,37.58,36.15,31.89,36.37,49.9
LIN,Linde plc,Materials,Industrial Gases,524857000,210.74,209.44,198.15,160.87,180.33,205.22,214.77,244.31,256.94,232.7,228.58,258.9
LYV,Live Nation Entertainment,Communication Services,Movies & Entertainment,217117000,71.89,68.6,57.96,38.88,41.17,50.66,46.02,46.67,57.2,53.74,50.23,68.11
LKQ,LKQ Corporation,Consumer Discretionary,Distributors,304345000,35.8,32.58,29.9,19.13,24.81,28.05,25.08,28.66,31.82,28.01,32.95,36.14
LMT,Lockheed Martin Corp.,Industrials,Aerospace & Defense,279784000,399.37,423.86,381.35,338.52,383.47,388.96,360.42,377.1,386.81,380.89,352.42,364.99
L,Loews Corp.,Financials,Multi-line Insurance,274873000,52.96,52.4,48.69,32.63,31.62,33.77,33.54,35.6,36.17,34.86,37.33,42.56
LOW,Lowe's Cos.,Consumer Discretionary,Home Improvement Retail,732723000,120.46,117.18,111.04,80.42,104.46,129.32,135.63,150.27,167.59,167.17,160.23,153.4
LUMN,Lumen Technologies,Communication Services,Alternative Carriers,1097538000,12.92,13.6,12.59,8.79,10.17,10.14,9.87,9.8,10.65,9.95,8.88,10.55
LYB,LyondellBasell,Materials,Specialty Chemicals,333919000,93.86,78.82,74.52,45.03,55.16,65.34,65.61,62.13,68.46,68.14,71.91,85.76
MTB,M&T Bank Corp.,Financials,Regional Banks,128293000,171.07,169.09,147.51,95.86,107.2,108.53,101.31,105.03,103.56,92.21,106.04,120.89
MRO,Marathon Oil Corp.,Energy,Oil & Gas Exploration & Production,789392000,13.68,11.47,8.34,3.12,5.5,5.69,5.95,5.52,5.32,3.95,4.15,5.86
MPC,Marathon Petroleum,Energy,Oil & Gas Refining & Marketing,650651000,61.91,52.06,47.73,20.87,29.24,36.5,35.68,38.57,34.97,27.71,31.3,39.45
MKTX,MarketAxess,Financials,Financial Exchanges & Data,37963000,380.25,355.5,348.62,333.99,449.79,519.78,506.01,511.69,490.42,482.97,538.79,546.61
MAR,Marriott Int'l.,Consumer Discretionary,"Hotels, Resorts & Cruise Lines",324332000,151.49,141.48,122.96,69.15,84.75,95.03,86.62,83.52,103.09,94.35,92.9,128.52
MMC,Marsh & McLennan,Financials,Insurance Brokers,507191000,112.05,113.45,108.01,82.02,97.1,106.7,107.53,115.82,115.48,114.23,104.89,116.34
MLM,Martin Marietta Materials,Materials,Construction Materials,62274000,276.61,272.37,236.9,186.12,186.59,195.96,208.97,208.08,207.86,234.87,270.99,275.47
MAS,Masco Corp.,Industrials,Building Products,261676000,48.27,48.2,43.35,33.2,40.04,46.7,49.65,57.72,59.36,55.14,54.74,53.83
MA,Mastercard Inc.,Information Technology,Data Processing & Outsourced Services,988470000,303.39,324.52,306.74,228.61,268.74,301.4,301.17,312.59,356.9,343.37,289.97,338.88
MKC,McCormick & Co.,Consumer Staples,Packaged Foods & Meats,248696000,83.77,81.58,76.24,69.31,77.21,88.29,89.75,98.15,102.97,96.6,92.59,93.64
MXIM,Maxim Integrated Products Inc,Information Technology,Semiconductors,267301000,62.43,60.84,57.81,46.02,52.06,57.86,59.69,68.88,69.35,69.28,69.82,84.22
MCD,McDonald's Corp.,Consumer Discretionary,Restaurants,745111000,200.79,215.18,202.55,158.17,182.66,187.41,184.66,194.4,212.69,219.59,212.56,216.14
MCK,McKesson Corp.,Health Care,Health Care Distributors,160564000,138.69,143.9,150.41,133.06,134.7,158.94,150.91,159.9,150.22,146.96,152.03,179
MDT,Medtronic plc,Health Care,Health Care Equipment,1346020000,114.56,117.99,102.62,84.11,95.14,97.11,92.32,97.33,107.52,102.3,102.43,112.14
MRK,Merck & Co.,Health Care,Pharmaceuticals,2530034000,92.04,87.34,81.37,73.8,77.67,79.56,78.12,82.54,84.43,81.64,76.71,81.55
MET,MetLife Inc.,Financials,Life & Health Insurance,899949000,51.62,49.69,44.56,27.9,34.68,36.37,35.51,37.3,38.5,37.26,38.7,46.91
MTD,Mettler Toledo,Health Care,Life Sciences Tools & Services,23795000,805.06,758.06,724.14,656.24,689.16,803.43,804.79,926.43,975.89,970.92,1043.25,1160.09
MGM,MGM Resorts International,Consumer Discretionary,Casinos & Gaming,493939000,33.66,31.21,25.05,11.77,15.01,17.8,16.77,16.32,22.77,21.82,20.97,28.81
MCHP,Microchip Technology,Information Technology,Semiconductors,260376000,107.6,97.55,95.22,62.79,81.52,95.74,103.12,104.87,112.35,107.05,105.11,136.97
MU,Micron Technology,Information Technology,Semiconductors,1113222000,55.39,53.78,54.59,39.89,45.06,46.34,49.7,50.39,45.76,47.92,49.71,67.08
MSFT,Microsoft Corp.,Information Technology,Systems Software,7560496000,160.62,174.38,172.79,152.11,174.57,182.83,204.7,216.54,227.27,212.46,202.33,216.21
MAA,Mid-America Apartments,Real Estate,Residential REITs,114370000,129.61,137.15,135.4,98.74,109.63,117.57,117.67,116.88,116.55,120.29,119.84,124.59
MHK,Mohawk Industries,Consumer Discretionary,Home Furnishings,71199000,134.79,133.17,120.86,66.92,83.38,93.09,97.51,79.45,91.93,98.4,114.69,126.73
TAP,Molson Coors Beverage Company,Consumer Staples,Brewers,200297000,53.54,56.31,51.48,37.85,38.92,37.97,35.06,36.81,37.01,32.78,37.55,46.25
MDLZ,Mondelez International,Consumer Staples,Packaged Foods & Meats,1430163000,54.33,57.55,55.6,48.68,50.7,52.25,51.08,55.49,58.2,57.91,54.34,58.46
MNST,Monster Beverage,Consumer Staples,Soft Drinks,527917000,63.7,67.42,64.77,53.1,59.52,72.59,69.03,77.84,84.84,81.48,77.92,86.68
MCO,Moody's Corp,Financials,Financial Exchanges & Data,187800000,241.72,261.01,259.52,197.55,241.84,277.04,278.39,280.63,296.07,293.5,265.93,279.2
MS,Morgan Stanley,Financials,Investment Banking & Brokerage,1809198000,52.04,52.6,46.48,31.62,38.4,44.7,47.61,49.46,52.58,47.26,49.38,63.28
MOS,The Mosaic Company,Materials,Fertilizers & Agricultural Chemicals,379090000,21.43,19.96,17.66,10.11,11.15,12.52,12.37,13.68,18.7,17.79,19.56,21.76
MSI,Motorola Solutions Inc.,Information Technology,Communications Equipment,169523000,161.63,176.03,173.49,126.09,138.83,138.94,135.97,137.54,153.77,156.79,163.47,170.5
MSCI,MSCI Inc,Financials,Financial Exchanges & Data,82895000,266.05,292.65,315.53,271.28,319.94,335.37,340.93,371.91,377.56,359.54,356.85,414.5
NDAQ,"Nasdaq, Inc.",Financials,Financial Exchanges & Data,164038000,107.82,117.79,110.12,92.27,106.62,118.88,120.76,130.35,134.82,123.92,123.18,129.91
NOV,National Oilwell Varco Inc.,Energy,Oil & Gas Equipment & Services,388264000,25.26,20.87,19.82,9.35,11.7,12.5,11.81,11.59,11.94,8.66,9.11,12.7
NTAP,NetApp,Information Technology,"Technology Hardware, Storage & Peripherals",223385000,62.77,54.04,47.57,40.01,41.48,42.67,43.51,42.77,46.68,42.89,44.94,54.16
NFLX,Netflix Inc.,Communication Services,Movies & Entertainment,441795000,329.81,358,381.05,364.08,415.27,425.92,485.64,498.62,556.55,527.51,484.12,504.58
NWL,Newell Brands,Consumer Discretionary,Housewares & Specialties,424300000,19.08,19.71,16.45,12.39,12.28,13.46,15.78,16.39,15.73,17.01,18.91,21.44
NEM,Newmont Corporation,Materials,Gold,803358000,43.22,45.59,46.83,46.47,60.99,60.49,61.36,68.15,67.02,62.83,64.73,60.21
NWSA,News Corp. Class A,Communication Services,Publishing,390955000,14.44,13.64,12.43,8.64,9.48,12.19,12.08,13,15.18,14.18,13.29,18.07
NWS,News Corp. Class B,Communication Services,Publishing,199630000,14.81,14.02,12.66,8.59,9.7,12.24,12.12,12.98,15.1,14.15,13.19,18.25
NEE,NextEra Energy,Utilities,Multi-Utilities,1959074000,59.66,66.7,67.09,54.56,56.76,63.91,61.57,69.4,69.28,70.69,75.13,74.15
NLSN,Nielsen Holdings,Industrials,Research & Consulting Services,356999000,20.12,20.61,18.12,11.85,13.96,14.57,14.63,14.42,14.88,14.18,14.03,16.13
NKE,"Nike, Inc.",Consumer Discretionary,"Apparel, Accessories & Luxury Goods",1271479000,102.2,99.27,92.68,79.23,85.54,99.54,97.4,98.33,114.84,126.64,122.39,135.44
NI,NiSource Inc.,Utilities,Multi-Utilities,383212000,27.18,29.79,28.56,23.06,24.47,24.21,23.46,23.98,21.39,22,23.45,24.49
NSC,Norfolk Southern Corp.,Industrials,Railroads,253985000,196.8,206.99,182.59,140.01,170.73,178.34,171.52,190.47,215.3,211.85,215.06,238.75
NTRS,Northern Trust Corp.,Financials,Asset Management & Custody Banks,208121000,107.58,97.66,88.49,73,75.47,80.67,76.94,79.28,82.08,77.05,79.05,93.27
NOC,Northrop Grumman,Industrials,Aerospace & Defense,166716000,355.7,363.75,335.99,306.99,328.06,330.67,308.14,323.59,340.38,311.81,296.63,301.1
NLOK,NortonLifeLock,Information Technology,Application Software,591870000,26.02,17.15,19.93,18.76,20.86,21.71,19.77,21.96,23.82,20.71,20.94,18.23
NCLH,Norwegian Cruise Line Holdings,Consumer Discretionary,"Hotels, Resorts & Cruise Lines",315636000,58.83,54.19,35.59,9.55,13.84,17.29,16.42,13.06,16.94,17.34,16.17,22.94
NRG,NRG Energy,Utilities,Independent Power Producers & Energy Traders,244221000,38.8,37.54,34.17,26.84,32.97,36.09,33.15,33.47,34.17,30.63,32.17,33.36
NUE,Nucor Corp.,Materials,Steel,301929000,55.12,47.94,42.7,35.9,41,42.46,40.38,42.86,46.64,45.05,48.87,54.93
NVDA,Nvidia Corporation,Information Technology,Semiconductors,619000000,239.91,240.33,276.43,243.07,282.78,352.25,381.2,440.41,552.84,544.58,503.23,535.6
NVR,"NVR, Inc.",Consumer Discretionary,Homebuilding,3720000,3735.5,3810,3788.31,2410,3036.9,3204.14,3185.9,3874.2,4186.88,4228.31,4029.27,3994.22
ORLY,O'Reilly Automotive,Consumer Discretionary,Specialty Stores,72448000,437.52,406.23,378.39,287.25,376.37,417.6,426.08,473.79,473.2,463.56,441.46,453.56
OXY,Occidental Petroleum,Energy,Oil & Gas Exploration & Production,931209000,42.58,40.08,32.95,10.74,15.24,13.81,17.41,15.25,12.48,9.68,9.65,15.13
ODFL,Old Dominion Freight Line,Industrials,Trucking,117331000,128.02,132.57,133.39,122.33,147.03,168,168.36,182.42,204.13,182.77,193.75,211.04
OMC,Omnicom Group,Communication Services,Advertising,214973000,79.87,75.64,70.36,51.67,55.89,55.58,54.54,53.7,53.02,49.57,48.72,63.37
OKE,ONEOK,Energy,Oil & Gas Storage & Transportation,444397000,75.71,74.44,69.13,19.2,27.94,38.14,32.18,28.12,27.15,25.27,29.23,36.47
ORCL,Oracle Corp.,Information Technology,Application Software,2944034000,53.95,53.09,50.9,48.71,51.79,53.06,55.49,55.98,57.66,59.68,56.45,58.74
OTIS,Otis Worldwide,Industrials,Industrial Machinery,433195000,#N/A,#N/A,#N/A,46.7,49.71,54.08,55.78,63.21,64.05,62.37,62.14,66.83
PCAR,PACCAR Inc.,Industrials,Construction Machinery & Heavy Trucks,346440000,79.51,74.34,69.68,60.12,68.29,73.12,74.25,85.61,87.05,84.49,88.83,87.28
PKG,Packaging Corporation of America,Materials,Paper Packaging,94831000,110.72,97.15,94.8,83.9,94.75,102.62,99.37,95.95,104.22,107.65,117.87,131.94
PH,Parker-Hannifin,Industrials,Industrial Machinery,128800000,209.77,198.13,192.59,116.09,153.08,182.96,180.59,181.89,211.77,200.73,218.02,270.36
PAYX,Paychex Inc.,Information Technology,Data Processing & Outsourced Services,360631000,85.11,86.56,82.08,60.61,66.6,71.95,76.3,72.76,76.26,79.35,83.3,93.58
PAYC,Paycom,Information Technology,Application Software,58513000,271.8,323.47,291.96,187.44,241.66,305.61,320.26,288.08,307.52,320.44,360.6,415.71
PYPL,PayPal,Information Technology,Data Processing & Outsourced Services,1171692000,110.75,116.51,112.86,91.38,120.61,154.53,177.43,197.07,208.93,196.94,187.76,216.54
PNR,Pentair plc,Industrials,Industrial Machinery,166346000,46.42,43.36,41.08,27.36,33.43,38.98,36.91,43.49,45.58,45.41,50.7,51.54
PBCT,People's United Financial,Financials,Thrifts & Mortgage Finance,424867000,16.76,15.58,14.89,10.32,11.97,11.75,11.21,10.68,10.56,10.17,11.31,12.8
PEP,PepsiCo Inc.,Consumer Staples,Soft Drinks,1381956000,135.82,142.51,137.58,118.12,130.14,132.99,132.36,136.7,139.19,140.8,135.15,146.07
PKI,PerkinElmer,Health Care,Health Care Equipment,111974000,98.86,92.87,86.79,70.83,89.09,101.96,97.09,121.77,119.39,124.86,132.64,137.2
PRGO,Perrigo,Health Care,Pharmaceuticals,136491000,51.29,58.51,54.06,45.11,52.68,55.44,54.83,54.76,51.36,45.28,45.61,48.45
PFE,Pfizer Inc.,Health Care,Pharmaceuticals,5558397000,37.08,35.53,33.04,30.08,35.66,33.59,31.96,36.33,34.94,34.45,34.32,39.41
PM,Philip Morris International,Consumer Staples,Tobacco,1557316000,85.19,83,84.97,71.12,73.28,73.79,69.99,76.53,79.04,74.14,71.63,77.03
PSX,Phillips 66,Energy,Oil & Gas Refining & Marketing,436800000,112.2,88.97,75.11,49.51,66.36,78.83,69.11,61.12,58.79,50.28,47.96,61.88
PNW,Pinnacle West Capital,Utilities,Multi-Utilities,112597000,88.71,98.24,94.91,70.84,74.12,77.58,75.39,81.99,71.54,75.32,81.07,82.35
PXD,Pioneer Natural Resources,Energy,Oil & Gas Exploration & Production,164418000,152.34,132.57,124.32,67.77,82.92,92.91,95.5,97.84,102.98,84.57,82.8,99.8
PNC,PNC Financial Services,Financials,Regional Banks,423701000,160.37,149.54,132.64,87.35,102.97,114.67,102.83,105.93,111.6,109.43,114.45,140.72
POOL,Pool Corporation,Consumer Discretionary,Distributors,40159000,213.81,220.92,210.92,195.01,216.02,267.76,272.91,322.22,329.92,328.28,357.29,353.1
PPG,PPG Industries,Materials,Specialty Chemicals,236204000,131.6,121.34,105.31,79.89,88,103.37,106.35,107.38,124,121.78,135.18,149.11
PPL,PPL Corp.,Utilities,Electric Utilities,768827000,35.42,36.25,31.81,22.9,24.87,28.51,26.2,26.52,27.43,27.55,28.11,28.36
PFG,Principal Financial Group,Financials,Life & Health Insurance,274728000,55.73,53.87,47.08,27.4,35.1,39.52,40.16,42.97,42.88,40.36,39.71,49.62
PG,Procter & Gamble,Consumer Staples,Personal Products,2479606000,123.41,125.11,119.56,109.33,116.82,117.25,119.98,131.29,138.18,139.24,138.5,139.37
PGR,Progressive Corp.,Financials,Property & Casualty Insurance,585300000,74.33,80.57,78.88,72.36,76.18,78.34,79.8,89.89,93.87,93.46,94.4,89.16
PLD,Prologis,Real Estate,Industrial REITs,739223000,88.4,91.87,88.27,73.26,86.85,93.7,95.15,104.98,101.5,102.16,101.87,100.2
PRU,Prudential Financial,Financials,Life & Health Insurance,396000000,94.84,91.5,79.56,47,59.54,60.88,58.93,64.43,68,63.51,65.93,77.11
PEG,Public Service Enterprise Group (PSEG),Utilities,Electric Utilities,505848000,58.71,59.33,53.71,42.79,49.41,52.22,49.75,54.47,51,55.07,58.49,57.51
PSA,Public Storage,Real Estate,Specialized REITs,174822000,211.42,224.18,219.25,196.62,184.36,204.77,199.16,195.84,213.4,226.26,232.81,225.35
PHM,PulteGroup,Consumer Discretionary,Homebuilding,268094000,38.68,44.66,41.55,20.8,27.24,34.33,32.98,44.03,46.05,47.46,42.15,42.66
PVH,PVH Corp.,Consumer Discretionary,"Apparel, Accessories & Luxury Goods",71100000,105.35,86.42,74.59,32.63,44.67,47.62,46.69,49.23,57.65,60.59,59.77,81.8
QRVO,Qorvo,Information Technology,Semiconductors,114054000,115.96,107.56,100.44,74.58,93.15,104.58,108.26,133.32,131.48,135.09,127.94,159.78
PWR,Quanta Services Inc.,Industrials,Construction & Engineering,138861000,41.09,39.47,38.83,30.79,34.97,37.93,38.34,41.2,52.57,53.56,66.45,69.96
QCOM,QUALCOMM Inc.,Information Technology,Semiconductors,1131000000,88.69,86.48,80.56,65.9,75.64,79.73,89.78,109.59,122.01,119.52,123.97,151.26
DGX,Quest Diagnostics,Health Care,Health Care Services,134766000,105.73,111.83,112.11,78.77,108.81,118.44,114.05,130.01,109.65,112.7,124.84,125.68
RL,Ralph Lauren Corporation,Consumer Discretionary,"Apparel, Accessories & Luxury Goods",48223000,118.79,113.26,107.61,65.69,73.09,76.71,70.67,69.72,69.17,69.12,67.43,88.62
RJF,Raymond James Financial Inc.,Financials,Investment Banking & Brokerage,136932000,90.78,91.96,87.14,58.98,63.18,71.19,67.1,71.45,75.5,72.69,78.46,92.99
RTX,Raytheon Technologies,Industrials,Aerospace & Defense,1518716000,96.37,94.36,84.37,57.5,61.11,64.12,61.61,57.51,60.68,57.46,55.75,71.23
O,Realty Income Corporation,Real Estate,Retail REITs,350990000,72.48,78.2,74.99,46.47,51.79,56.57,61.09,59.41,62.45,62.28,59.64,60.37
REG,Regency Centers Corporation,Real Estate,Retail REITs,169680000,61.68,61.92,60.29,35.53,40.92,45.4,46.17,40.59,39.4,39.4,36.2,46.55
REGN,Regeneron Pharmaceuticals,Health Care,Biotechnology,104857000,373.35,341.12,464.75,496.65,525.5,599.47,609.17,645.18,592.68,568.14,548.58,514.07
RF,Regions Financial Corp.,Financials,Regional Banks,960444000,17.09,15.86,14.51,8.3,10.17,11.48,10.63,10.76,11.63,11.53,13.76,15.87
RSG,Republic Services Inc,Industrials,Environmental & Facilities Services,318725000,89.83,95.84,94.08,72.71,77.13,85.05,81.39,87.43,93.29,92.97,89.86,97.15
RMD,ResMed,Health Care,Health Care Equipment,144915000,156.11,163.14,168.75,142.29,159.07,161.12,190.86,202,178.91,169.51,196.8,211.61
RHI,Robert Half International,Industrials,Human Resource & Employment Services,113980000,63.75,58.22,51.07,38.17,44.38,51.83,51.49,51,53.44,52.54,51.61,64.78
ROK,Rockwell Automation Inc.,Industrials,Electrical Components & Equipment,116171000,205.64,194.56,190.59,143.68,183.19,214.67,210.5,220.77,233.94,219.52,245.39,246.96
ROL,Rollins Inc.,Industrials,Environmental & Facilities Services,491624000,22.23,25.65,26.07,23.44,26.67,28.15,28.51,35.29,37.15,35.87,38.77,38.36
ROP,Roper Technologies,Industrials,Industrial Conglomerates,104872000,365.17,379.71,361.02,293.66,339.38,387.77,389.69,435.2,436.41,393.48,380.94,424
ROST,Ross Stores,Consumer Discretionary,Apparel Retail,356006000,116.83,113.83,111.98,81.09,88.96,97.2,87.19,87.88,91.27,94.83,88.59,111.54
RCL,Royal Caribbean Group,Consumer Discretionary,"Hotels, Resorts & Cruise Lines",224339000,134.65,116.45,80.56,25.77,40.77,55.64,50.83,47.39,68.51,65.55,57.02,78.29
SPGI,"S&P Global, Inc.",Financials,Financial Exchanges & Data,240599000,277.84,295.67,289.31,234.33,286.06,327.3,334.52,350.68,368.39,363.73,327.92,334.32
CRM,Salesforce.com,Information Technology,Application Software,915000000,166.99,185.42,176.76,134.06,156.37,176.36,191.89,203.19,281.25,253.45,232.45,241.35
SBAC,SBA Communications,Real Estate,Specialized REITs,111115000,238.87,249.58,285.05,260.47,286.76,317.68,301.35,305.39,306.62,315.18,293.52,288.78
SLB,Schlumberger Ltd.,Energy,Oil & Gas Equipment & Services,1392030000,40.17,33.46,27.79,12.59,15.75,18.43,17.72,18.72,18.63,15.01,15.58,21.07
STX,Seagate Technology,Information Technology,"Technology Hardware, Storage & Peripherals",256932000,60.5,57.95,50.37,47.86,47.71,52.15,47.3,44.76,47.07,49.06,48.57,60.29
SEE,Sealed Air,Materials,Paper Packaging,155153000,38.87,36.19,31.44,24.52,28.22,32.43,32.4,36.18,40.26,39.93,40.49,46.1
SRE,Sempra Energy,Utilities,Multi-Utilities,288470000,149.12,161.06,142.23,103.71,119.93,129.07,121.35,124.04,122.25,119.13,127.62,127.76
NOW,ServiceNow,Information Technology,Systems Software,195100000,291.24,343.2,344.4,273.07,339.51,383.37,416.79,439.96,497.19,492.52,476,539.59
SHW,Sherwin-Williams,Materials,Specialty Chemicals,90825000,571.85,574.91,538.32,424.98,526.44,582.46,577.56,641.14,686.04,690.8,709.3,743.26
SPG,Simon Property Group Inc,Real Estate,Retail REITs,328128000,145.09,132.8,127.22,47.04,63.2,61.6,69.81,61.03,67.2,66.53,64.71,84.99
SWKS,Skyworks Solutions,Information Technology,Semiconductors,166082000,121.67,115.03,104.27,82.45,98.83,119.1,125.85,147.2,146.46,152.1,142.12,144
SLG,SL Green Realty,Real Estate,Office REITs,72570000,88.91,92.18,81.37,39.73,49.07,44.07,48.54,45.91,47.18,47.29,45.3,58.58
SNA,Snap-on,Industrials,Industrial Machinery,54215000,169,161.82,148.71,104.26,124.05,130.01,134.12,143.62,151.33,145.12,163.81,175.79
SO,Southern Company,Utilities,Electric Utilities,1056242000,62.62,70.7,63.93,50.14,54.41,57.7,52.87,54.01,51.81,54.62,59.01,60.57
LUV,Southwest Airlines,Industrials,Airlines,590273000,54.84,55.22,46.95,32.04,29.23,33.62,33.81,31.58,37.91,37.93,38.4,47.27
SWK,Stanley Black & Decker,Industrials,Industrial Machinery,160223000,168.02,160.87,142.42,92.13,106.5,125.09,135.61,154.4,165.34,162.63,168.71,181.92
SBUX,Starbucks Corp.,Consumer Discretionary,Restaurants,1173700000,89.35,86.01,82.38,62.62,73.79,78.32,74.03,75.5,86.05,86.74,85.97,98.82
STT,State Street Corp.,Financials,Asset Management & Custody Banks,352798000,80.76,76.09,68.69,50.4,59.08,62.35,62.13,64.32,68.58,58.75,59.68,72.26
STE,STERIS plc,Health Care,Health Care Equipment,85324000,151.7,151,163.4,137.7,141.4,165.65,154.28,161.07,158.77,174.47,181.57,193.93
SYK,Stryker Corp.,Health Care,Health Care Equipment,375791000,210.45,211.64,197.22,144.67,180.62,197.25,183.84,191.6,198.03,208.67,202.78,231
SIVB,SVB Financial,Financials,Regional Banks,51797000,254.27,244.69,216.75,140.01,184.86,212.81,206.28,227.58,256.16,245.3,306.98,355.17
SYF,Synchrony Financial,Financials,Consumer Finance,583800000,36.21,32.42,30.39,14.51,18.51,21.1,21.61,22.72,24.86,26.65,25.96,31.47
SNPS,Synopsys Inc.,Information Technology,Application Software,153032000,142.87,150.26,141.63,125.96,149.64,182.6,196.9,202.8,225.34,217.09,215.78,230.02
SYY,Sysco Corp.,Consumer Staples,Food Distributors,509359000,84.66,76.68,69.68,41.87,52.76,57.18,53.7,52.13,60.1,62.62,57.09,73.43
TMUS,T-Mobile US,Communication Services,Wireless Telecommunication Services,1241187000,78.59,79.46,93.29,85.13,86.2,99.7,106.13,106.88,116.9,115.73,110.39,133.73
TROW,T. Rowe Price Group,Financials,Asset Management & Custody Banks,226433000,125.16,134.52,125.48,93.87,110.44,121.87,122.51,137.4,139.18,128.04,128.97,145.5
TTWO,Take-Two Interactive,Communication Services,Interactive Home Entertainment,115022000,122.08,124.35,112.06,116.33,122.65,136.22,144.11,167.69,172.5,166.11,154.03,180.06
TPR,"Tapestry, Inc.",Consumer Discretionary,"Apparel, Accessories & Luxury Goods",277405000,26.93,26.03,23.69,11.07,15.16,14.19,12.97,13.34,14.75,15.9,23.63,28.36
TGT,Target Corp.,Consumer Discretionary,General Merchandise Stores,500773000,126.07,112.51,109.06,95.27,108.23,119.49,118.96,127.84,150.55,158.6,154.39,179.05
TEL,TE Connectivity Ltd.,Information Technology,Electronic Manufacturing Services,330743000,96.51,94,85.35,59.12,70.58,84.53,80.06,89.79,98.51,98.55,99.5,114.64
FTI,TechnipFMC,Energy,Oil & Gas Equipment & Services,449408000,21.33,16.99,15.08,6.56,8.27,7.85,6.91,8.06,7.69,6.27,5.96,8.62
TDY,Teledyne Technologies,Industrials,Aerospace & Defense,36953000,357.49,369.34,345.9,277.11,319.83,365.14,304.19,310.62,314.89,307.75,313.38,381.65
TFX,Teleflex,Health Care,Health Care Equipment,46567000,378.49,373.67,353.61,279.8,329.37,365.48,368.93,373.65,398.35,337.24,319.97,380.47
TER,Teradyne,Information Technology,Semiconductor Equipment,166056000,69.68,67.8,60.49,52.14,57.85,67.16,82.91,90.26,85.35,81.3,89.7,115.12
TSLA,"Tesla, Inc.",Consumer Discretionary,Automobile Manufacturers,947901000,86.05,156,148.72,96.31,140.26,179.62,223.93,297,475.05,448.16,400.51,584.76
TXN,Texas Instruments,Information Technology,Semiconductors,917942000,129.57,123.4,118.97,96.89,109.71,117.86,124.8,129.32,144.96,144.91,145.6,163.49
TXT,Textron Inc.,Industrials,Aerospace & Defense,228875000,45.48,46.29,41.77,24.86,26.22,31.55,31.92,35.9,39.4,35.11,37.72,45.63
TMO,Thermo Fisher Scientific,Health Care,Life Sciences Tools & Services,396335000,326.37,318.34,304.96,275.2,329.81,349.33,359.77,419.09,433.73,438.2,480.55,471.1
TIF,Tiffany & Co.,Consumer Discretionary,"Apparel, Accessories & Luxury Goods",121413000,133.85,134.2,133.67,129.34,127.06,128.5,122.23,125.47,123.49,116.03,130.92,131.35
TJX,TJX Companies Inc.,Consumer Discretionary,Apparel Retail,1200631000,61.7,60.24,62.19,44.62,48.25,53.33,51.18,51.89,55.27,57.08,51.74,64.88
TSCO,Tractor Supply Company,Consumer Discretionary,Specialty Stores,116497000,93.11,94.41,91.48,84,102.09,122.66,132.68,147.42,149.02,142.05,133.4,139.67
TT,Trane Technologies plc,Industrials,Building Products,240125000,134.35,136.19,100.55,80.89,86.81,90.43,88.86,112.19,120.2,121.95,137.55,145.7
TDG,TransDigm Group,Industrials,Aerospace & Defense,54436000,567.44,652.28,568.46,272.54,349.45,438.79,439.59,436.01,503.78,481.34,494.43,593.6
TRV,The Travelers Companies Inc.,Financials,Property & Casualty Insurance,253309000,137.51,133.61,127.68,95.2,96.05,109.15,112.5,114.4,114.69,107.81,123.92,133.41
TFC,Truist Financial,Financials,Regional Banks,1348118000,56.67,52.5,48.81,28.47,35.44,38.06,36.41,37.77,39.17,38.75,43.48,47.52
TWTR,"Twitter, Inc.",Communication Services,Interactive Media & Services,795350000,32.3,33.07,35.82,23.32,27.84,31.89,30.81,36.39,41.15,46.7,39.47,46.67
TYL,Tyler Technologies,Information Technology,Application Software,40327000,306.24,329.27,331.66,291.58,314.78,375.85,350.32,363.97,347.62,357.26,387.44,432.12
TSN,Tyson Foods,Consumer Staples,Packaged Foods & Meats,294793000,89.97,83.27,70.54,55.34,60.01,62.61,58.57,62.43,62.64,59.22,57.63,66.76
UDR,"UDR, Inc.",Real Estate,Residential REITs,294481000,46.12,48.06,47.08,32.98,36.1,37.76,38.89,35.12,34.6,33.8,32.79,38.63
ULTA,Ulta Beauty,Consumer Discretionary,Specialty Stores,56339000,254.55,274.96,260.99,161.5,214.28,239.09,203.57,191.29,232.88,228.63,210.78,279.53
USB,U.S. Bancorp,Financials,Diversified Banks,1506438000,59.2,53.69,48.16,31.93,34.94,36.69,35.98,36.8,36.69,36,39.74,44.25
UAA,Under Armour (Class A),Consumer Discretionary,"Apparel, Accessories & Luxury Goods",188534000,21.78,20.28,14.1,8.26,9.8,9.26,9.57,9.67,10.25,11.86,14.46,16.54
UA,Under Armour (Class C),Consumer Discretionary,"Apparel, Accessories & Luxury Goods",231684000,19.24,17.98,12.49,7.45,8.76,8.26,8.65,8.79,9.17,10.35,12.78,14.69
UNP,Union Pacific Corp,Industrials,Railroads,673869000,182.27,180.29,160.34,136.49,156.64,169.5,166.88,172.06,195.8,194.23,179.24,202.4
UAL,United Airlines Holdings,Industrials,Airlines,292662000,89.74,74.91,61.26,25.65,26.62,29.46,34.45,31.87,36.01,35.18,33.78,45.32
UNH,UnitedHealth Group Inc.,Health Care,Managed Health Care,948821000,292.5,274.02,273.11,237.32,284.51,305.93,297.73,303.61,312.83,313.07,312.1,341.19
UPS,United Parcel Service,Industrials,Air Freight & Logistics,715217000,116.79,102.03,92.75,90.39,91.9,99.28,114.42,142.18,162.65,167.65,159.55,167.96
URI,"United Rentals, Inc.",Industrials,Trading Companies & Distributors,72137000,168.65,139.52,135.8,95.98,119.28,139.96,145.8,159.63,182.54,175.35,192.67,233.64
UHS,Universal Health Services,Health Care,Health Care Facilities,77724000,142.31,137.26,131.82,87.92,99.15,104.59,93.18,107.75,110.57,106.2,113.88,130.84
UNM,Unum Group,Financials,Life & Health Insurance,203662000,29.64,27.03,25.04,13.1,16.5,16.06,15.9,17.07,18.54,17,18.51,22.49
VLO,Valero Energy,Energy,Oil & Gas Refining & Marketing,407789000,95.13,80.25,67.87,41,58.76,66.58,56.44,53.91,52.47,40.28,39.9,54.4
VAR,Varian Medical Systems,Health Care,Health Care Equipment,91355000,144.81,140.22,126.55,94.44,111.37,122.54,121.52,174.17,173.8,171.63,172.54,174.19
VTR,Ventas Inc,Real Estate,Health Care REITs,374571000,56.39,57.92,52.36,22.95,30.33,35.5,38.32,37.71,41.87,43.49,40.97,48.02
VRSN,Verisign Inc.,Information Technology,Internet Services & Infrastructure,114110000,196.73,210.56,196.85,175.46,205.02,219.03,210.48,212.05,215.78,207.22,189.2,200.75
VRSK,Verisk Analytics,Industrials,Research & Consulting Services,162590000,151.12,165.22,163.13,140.78,153.45,169.38,172.42,186.96,187.69,185.64,182.15,200.14
VZ,Verizon Communications,Communication Services,Integrated Telecommunication Services,4138094000,61.05,58.05,57.32,52.92,56.83,55.78,54.67,57.24,59.16,59.45,57.7,60.58
VRTX,Vertex Pharmaceuticals Inc,Health Care,Biotechnology,260038000,219.45,230.51,232.29,225.48,254.9,286.64,286.28,279.52,275.49,273.51,207.42,230.3
VFC,VF Corporation,Consumer Discretionary,"Apparel, Accessories & Luxury Goods",390004000,100.23,82.91,74.65,48.68,55.43,58.07,60.6,59.81,66.56,71.58,68.77,84.81
VIAC,ViacomCBS,Communication Services,Movies & Entertainment,564980000,42.09,33.08,24.31,12.78,16.46,21.53,23.6,25.71,27.7,27.68,29.6,36.36
VTRS,Viatris,Health Care,Pharmaceuticals,1200000000,20.65,21.62,17.48,14.26,16.13,17.62,15.76,16.36,15.5,14.8,15.14,17.01
V,Visa Inc.,Information Technology,Data Processing & Outsourced Services,1695677000,191.12,200.81,192.33,153.11,175.57,194.35,193.78,190.69,213.35,203.35,184.74,211.2
VNT,Vontier,Information Technology,Electronic Equipment & Instruments,168487000,#N/A,#N/A,#N/A,#N/A,#N/A,#N/A,#N/A,#N/A,#N/A,100.08,20.3,33
VNO,Vornado Realty Trust,Real Estate,Office REITs,191261000,65.5,65.26,55.58,33.66,42,38.13,38.63,34.02,35.07,34.65,32.5,39.3
VMC,Vulcan Materials,Materials,Construction Materials,132511000,142.72,144.55,125.84,107.12,110.68,107.34,115.96,117.53,122.22,134.38,149.44,143.35
WRB,W. R. Berkley Corporation,Financials,Property & Casualty Insurance,178221000,68.96,74.39,70.2,50.24,51.45,57.96,57.03,62.14,62.63,60.79,62,67.54
WAB,Westinghouse Air Brake Technologies Corp,Industrials,Construction Machinery & Heavy Trucks,190326000,80.95,76.04,68.37,46.12,54.41,61.92,58,61.47,68.91,60.73,61.68,72.3
WMT,Walmart,Consumer Staples,Hypermarkets & Super Centers,2829286000,118.94,114.27,115.88,114.14,122.92,123.96,119.69,129.3,147.59,143.08,140.4,152.64
WBA,Walgreens Boots Alliance,Consumer Staples,Drug Retail,865916000,59.08,50.95,48.11,43.03,41.66,43.3,40.88,41.08,36.76,35.87,35.79,38.46
DIS,The Walt Disney Company,Communication Services,Movies & Entertainment,1810485000,148.2,141.32,119.98,94.92,105.5,118.77,113.01,116.35,133.55,123.31,120.13,149.44
WM,Waste Management Inc.,Industrials,Environmental & Facilities Services,422606000,114.22,122.69,117.03,88.43,98.21,106.01,105.09,108.98,113.64,112.89,110.67,119.64
WAT,Waters Corporation,Health Care,Health Care Distributors,62048000,235.06,226.05,202.7,182.31,178.08,199.67,180.15,213.05,212.02,195.68,222.22,234.19
WEC,WEC Energy Group,Utilities,Electric Utilities,315435000,90.67,100.89,97.69,83.52,88.46,93.13,89.33,93.64,93.59,98.25,103.14,95.6
WFC,Wells Fargo,Financials,Diversified Banks,4134490000,53.75,47.12,42.26,26.57,27.59,27.09,25.09,24.29,24.05,23.56,21.9,28.06
WELL,Welltower Inc.,Real Estate,Health Care REITs,417305000,80.14,84.46,75.26,40.6,47.33,53.07,53.64,52.87,58.13,56.42,56.74,63.49
WST,West Pharmaceutical Services,Health Care,Health Care Supplies,73927000,151.74,158.29,156.49,149.8,191.64,212.14,224.99,278.64,281.75,275.79,271.4,272.01
WDC,Western Digital,Information Technology,"Technology Hardware, Storage & Peripherals",304245000,65.62,67.24,60.04,38.67,40.48,43.08,42.45,43.9,37.34,36.33,37.03,47.27
WU,Western Union Co,Information Technology,Data Processing & Outsourced Services,411121000,26.19,27.09,23.49,17.6,18.52,20.71,21.69,24.21,23.6,21.48,20.33,22.6
WRK,WestRock,Materials,Paper Packaging,263090000,43.45,39.47,34.19,26.71,30.84,28.58,27.66,27.82,32.07,34.06,39.11,43.09
WY,Weyerhaeuser,Real Estate,Specialized REITs,746423000,29.39,28.22,27.44,16.12,17.97,21.05,22.2,28,30.78,28.79,28.12,29.27
WHR,Whirlpool Corp.,Consumer Discretionary,Household Appliances,62547000,148.45,147.15,133.87,80.6,112.19,123.77,127.04,164.61,178.27,183.19,192.73,193.8
WMB,Williams Companies,Energy,Oil & Gas Storage & Transportation,1213586000,23.49,21.12,19.6,13.33,18.55,20.44,18.81,19.72,20.96,18.78,18.77,20.9
WLTW,Willis Towers Watson,Financials,Insurance Brokers,128905000,204.28,215.11,199.54,156.19,183.34,202.46,195.25,204.65,208.37,210.08,179.57,214.09
WYNN,Wynn Resorts Ltd,Consumer Discretionary,Casinos & Gaming,107871000,143.6,128.58,107.94,54,80.83,86.47,73.79,73.05,86.28,72.07,75.85,102.36
XEL,Xcel Energy Inc,Utilities,Multi-Utilities,525458000,62.38,69.45,65.87,58.08,62.18,65.75,64.19,68.76,68.55,70.38,71.78,68.41
XRX,Xerox,Information Technology,"Technology Hardware, Storage & Peripherals",198385000,36.93,36.29,33.51,17.6,17.03,17,15.15,16.01,18.51,18.67,18.13,22.16
XLNX,Xilinx,Information Technology,Semiconductors,245122000,101.65,85.05,84.61,76.69,82.99,90.85,93.27,106.39,105.31,105.91,118.48,145.8
XYL,Xylem Inc.,Industrials,Industrial Machinery,180232000,79.85,83.34,82.29,59.77,69.29,66,63.65,73.62,81.73,82.56,88.59,97.07
YUM,Yum! Brands Inc,Consumer Discretionary,Restaurants,301668000,102.17,106.41,92.53,67.65,83.81,90.52,86.45,90.92,96.15,91.82,95.25,106.34
ZBRA,Zebra Technologies,Information Technology,Electronic Equipment & Instruments,53316000,259.14,242.55,221.71,176.46,225.55,264.97,251.23,280.72,287.16,258.48,293.07,372.17
ZBH,Zimmer Biomet,Health Care,Health Care Equipment,207278000,149.2,148.51,139.25,89.63,116.25,127.88,119.34,135.72,140.48,137.33,132.52,146.1
ZION,Zions Bancorp,Financials,Regional Banks,164012000,52.44,46.11,41.3,25.32,30.9,33.42,32.55,32.45,32.19,29.12,33.22,40.07
ZTS,Zoetis,Health Care,Pharmaceuticals,475268000,134.14,135.52,138.91,111.92,127.53,138.34,137.19,154.51,162.05,164.03,162.89,161.36
